32116,airships
169255,game-thrones-card-game-second-edition
134352,two-rooms-and-boom
10997,boomtown
25021,sekigahara-unification-japan
85897,thunderstone-dragonspire
201,rose-king
339,quiddler
230,merchant-venus
134453,little-prince-make-me-planet
202408,adrenaline
1544,beyond-balderdash
17161,tempus
24827,traders-osaka
4192,warhammer
67492,battles-westeros
466,inkognito
17240,s-life
3633,sid-meiers-civilization-boardgame
90305,cargo-noir
99975,timeline-discoveries
125,money
19841,pentago
619,bottle-imp
55427,mr-jack-new-york
527,gipf
943,ligretto
228,lunch-money
154809,nippon
204027,cottage-garden
46255,campaign-manager-2008
139976,cthulhu-wars
105037,tournay
12761,ys
198928,pandemic-iberia
140068,galaxy-trucker-anniversary-edition
145639,coconuts
180511,shakespeare
1295,pente
16991,khet-laser-game
142992,gravwell-escape-9th-dimension
859,illuminati
66587,gosu
13884,scepter-zavandor
65611,cthulhu-dice
472,dungeonquest
50768,ninjato
117985,star-trek-catan
42910,peloponnes
120217,city-horror
5576,dungeoneer-tomb-lich-lord
5206,ogre
354,sticheln
154386,medieval-academy
130176,tales-games-hare-tortoise
41933,arctic-scavengers
2507,liberte
65907,mystery-express
196340,yokohama
162,awful-green-things-outer-space
108906,thunder-alley
2569,pick-picknic
520,axis-allies-europe
34194,aquaretto
1515,upwords
7479,warcraft-board-game
3243,wooly-bully
14808,marvel-heroes
594,sleuth
1410,trouble
168679,flip-city
128442,relic
123123,battlecon-devastation-indines
177524,ice-cool
13122,antiquity
128667,samurai-sword
21791,masons
15318,palazzo
82421,summoner-wars-phoenix-elves-vs-tundra-orcs
1502,hotel-tycoon
2165,pokemon-trading-card-game
27356,portobello-market
36553,times-title-recall
183880,risk-star-wars-edition
23094,planet-steam
92190,super-dungeon-explore
12891,friedrich
146791,shadows-brimstone-city-ancients
194879,not-alone
92319,olympos
37198,risk-revised-edition
200147,kanagawa
908,tally-ho
155873,power-grid-deluxe-europenorth-america
86955,munchkin-zombies
3570,chicken-cha-cha-cha
23686,gifttrap
66,lowenherz
265,intrigue
31999,tzaar
35503,ra-dice-game
72991,asara
111124,dark-moon
182631,star-realms-colony-wars
31016,we-didnt-playtest-all
16933,super-munchkin
70,big-city
9028,tongiaki-journey-unknown
27848,age-conan-strategy-board-game
715,escape-colditz
33451,red-dragon-inn-2
17835,monsters-menace-america
99,fortress-america
24773,underground
175199,mottainai
29223,marrakech
39684,merkator
157789,pandemic-contagion
38862,giants
125548,pixel-tactics
168917,smash-pretty-pretty-smash
104020,vanuatu
1301,netrunner
4174,lifeboat
1568,space-crusade
91873,strasbourg
91523,mondo
159109,xenoshyft-onslaught
15510,tower-babel
17449,beowulf-legend
16366,funny-friends
156776,warhammer-40000-conquest
4394,settlers-stone-age
170042,raiders-north-sea
128,take-it-easy
153064,good-cop-bad-cop
55690,kingdom-death-monster
10383,risk-godstorm
185343,anachrony
232,serenissima-first-edition
158339,lost-legacy-starship
68182,isla-dorada
3439,heroclix
204,stephensons-rocket
41010,my-first-carcassonne
6068,queens-necklace
8190,bridges-shangri-la
151022,baseball-highlights-2045
18723,aye-dark-overlord-red-box
160018,smash-monster-smash
192458,51st-state-master-set
82420,summoner-wars-guild-dwarves-vs-cave-goblins
85325,kolejka
3228,pueblo
9027,oasis
632,cloud-9
205359,star-wars-destiny
20545,rorys-story-cubes
147303,carcassonne-south-seas
181530,runebound-third-edition
25951,castle-devil
55697,power-struggle
84419,space-empires-4x
2582,catch-phrase
4218,o-zoo-le-mio
128780,pax-porfiriana
214,cafe-international
3837,rat-tat-cat
17396,manoeuvre
27976,heroscape-master-set-swarm-marro
949,twixt
1634,warhammer-quest
98229,pictomania
141736,sail-india
2162,warhammer-40000
2679,mouse-trap
1270,star-wars-customizable-card-game
337,circus-flohcati
90040,pergamon
1260,rook
145189,timeline-music-cinema
116954,indigo
122159,cthulhu-fluxx
6607,munchkin-fu
917,rack-o
4471,fist-dragonstones
60435,rallyman
181810,kodama-tree-spirits
160495,zhanguo
176558,mafia-de-cuba
28089,chateau-roquefort
54137,battle-sheep
193558,oracle-delphi
34707,hanging-gardens
40354,maria
2122,vampire-eternal-struggle
176734,manhattan-project-energy-empire
9823,advanced-squad-leader-starter-kit-1
38996,washingtons-war
3800,himalaya
