8203,hey-s-my-fish
27162,kingsburg
25613,through-ages-story-civilization
12493,twilight-imperium-third-edition
132531,roll-galaxy
5,acquire
170216,blood-rage
123260,suburbia
21790,thurn-and-taxis
77423,lord-rings-card-game
104162,descent-journeys-dark-second-edition
12942,no-thanks
50381,cards-against-humanity
74,apples-apples
37046,ghost-stories
108745,seasons
100901,flash-point-fire-rescue
104006,village
2653,survive-escape-atlantis
155426,castles-mad-king-ludwig
5782,coloretto
54,tikal
181304,mysterium
107529,kingdom-builder
2223,uno
148949,istanbul
129437,legendary-marvel-deck-building-game
24480,pillars-earth
62219,dominant-species
555,princes-florence
154203,imperial-settlers
9674,ingenious
153938,camel
167791,terraforming-mars
158899,colt-express
1294,clue
37904,formula-d
258,fluxx
54998,cyclades
2471,zombies
9217,saint-petersburg
760,battle-line
122515,keyflower
62871,zombie-dice
432,6-nimmt
3,samurai
29368,last-night-earth-zombie-game
38453,space-alert
147949,one-night-ultimate-werewolf
21763,mr-jack
