13,catan
822,carcassonne
30549,pandemic
36218,dominion
68448,7-wonders
9209,ticket-ride
31260,agricola
3076,puerto-rico
40692,small-world
2651,power-grid
478,citadels
70323,king-tokyo
129622,love-letter
14996,ticket-ride-europe
28143,race-galaxy
178900,codenames
39856,dixit
148228,splendor
34635,stone-age
15987,arkham-horror
110327,lords-waterdeep
1927,munchkin
11,bohnanza
12333,twilight-struggle
65244,forbidden-island
50,lost-cities
41114,resistance
84876,castles-burgundy
37111,battlestar-galactica
120677,terra-mystica
98778,hanabi
150376,dead-winter-crossroads-game
40834,dominion-intrigue
463,magic-gathering
173346,7-wonders-duel
10547,betrayal-house-hill
181,risk
18602,caylus
131357,coup
6249,alhambra
31481,galaxy-trucker
70919,takenoko
124742,android-netrunner
72125,eclipse
163412,patchwork
171,chess
15062,shadows-over-camelot
2655,hive
42,tigris-euphrates
3955,bang
147020,star-realms
1406,monopoly
320,scrabble
10630,memoir-44
54043,jaipur
39463,cosmic-encounter
18,roborally
35677,le-havre
161936,pandemic-legacy-season-1
121921,robinson-crusoe-adventures-cursed-island
8217,san-juan
96848,mage-knight-board-game
133473,sushi-go
93,el-grande
169786,scythe
103343,game-thrones-board-game-second-edition
126163,tzolk-mayan-calendar
157354,five-tribes
102794,caverna-cave-farmers
103885,star-wars-x-wing-miniatures-game
146021,eldritch-horror
2453,blokus
9220,saboteur
128882,resistance-avalon
122522,smash
157969,sheriff-nottingham
143884,machi-koro
172,sale
100423,elder-sign
16992,tsuro
116,guillotine
136063,forbidden-desert
12,ra
8203,hey-s-my-fish
27162,kingsburg
25613,through-ages-story-civilization
12493,twilight-imperium-third-edition
132531,roll-galaxy
5,acquire
170216,blood-rage
123260,suburbia
21790,thurn-and-taxis
77423,lord-rings-card-game
104162,descent-journeys-dark-second-edition
12942,no-thanks
50381,cards-against-humanity
74,apples-apples
37046,ghost-stories
108745,seasons
100901,flash-point-fire-rescue
104006,village
2653,survive-escape-atlantis
155426,castles-mad-king-ludwig
5782,coloretto
54,tikal
181304,mysterium
107529,kingdom-builder
2223,uno
148949,istanbul
129437,legendary-marvel-deck-building-game
24480,pillars-earth
62219,dominant-species
555,princes-florence
154203,imperial-settlers
9674,ingenious
153938,camel
167791,terraforming-mars
158899,colt-express
1294,clue
37904,formula-d
258,fluxx
54998,cyclades
2471,zombies
9217,saint-petersburg
760,battle-line
122515,keyflower
62871,zombie-dice
432,6-nimmt
3,samurai
29368,last-night-earth-zombie-game
38453,space-alert
147949,one-night-ultimate-werewolf
21763,mr-jack
823,lord-rings
113294,escape-curse-temple
164153,star-wars-imperial-assault
27588,zooloretto
188,go
73439,troyes
146508,time-stories
118,modern-art
77130,sid-meiers-civilization-board-game
91536,quarriors
48726,alien-frontiers
43111,chaos-old-world
113924,zombicide
123540,tokaido
102652,sentinels-multiverse
143741,bang-dice-game
124708,mice-and-mystics
166384,spyfall
278,catan-card-game
63888,innovation
124361,concordia
19857,glory-rome
28720,brass-lancashire
45315,dungeon-lords
28023,jamaica
83330,mansions-madness
25669,qwirkle
215,tichu
20551,shogun
503,through-desert
438,scotland-yard
43443,castle-panic
161970,alchemists
34219,biblios
1917,stratego
17226,descent-journeys-dark
92828,dixit-odyssey
20100,wits-wagers
21241,neuroshima-hex
37380,roll-through-ages-bronze-age
102680,trajan
25554,notre-dame
483,diplomacy
71721,space-hulk-death-angel-card-game
133038,pathfinder-adventure-card-game-rise-runelords-base
25292,merchants-marauders
12692,gloom
127023,kemet
171623,voyages-marco-polo
9216,goa
27627,talisman-revised-4th-edition
45,liars-dice
4390,carcassonne-hunters-and-gatherers
2511,sherlock-holmes-consulting-detective-thames-murder
176494,isle-skye-chieftain-king
187645,star-wars-rebellion
43570,friday
17133,railways-world
164928,orleans
144733,russian-railroads
6472,game-thrones-first-edition
59959,letters-whitechapel
119890,agricola-all-creatures-big-and-small
41,cant-stop
125618,libertalia
2397,backgammon
140620,lewis-clark
66188,fresco
53953,thunderstone
69789,ascension-deckbuilding-game
160499,king-new-york
9609,war-ring-first-edition
97207,dungeon-petz
22545,age-empires-iii-age-discovery
34119,tales-arabian-nights
98,axis-allies
93260,summoner-wars-master-set
19237,cah-n-gun
43015,hansa-teutonica
25417,battlelore
147151,concept
126042,nations
42215,tobago
31594,year-dragon
699,heroquest
2243,yahtzee
127398,legends-andor
811,rummikub
90137,blood-bowl-team-manager-card-game
20963,fury-dracula-second-edition
31627,ticket-ride-nordic-countries
131835,boss-monster-dungeon-building-card-game
37759,diamant
182028,through-ages-new-story-civilization
8098,jungle-speed
27833,steam
1198,set
33160,endeavor
521,crokinole
205059,mansions-madness-second-edition
21348,ticket-ride-marklin
30869,thebes
2452,jenga
150,pitchcar
155362,cah-n-guns-second-edition
70149,ora-et-labora
15363,nexus-ops
155703,evolution
68425,eminent-domain
1111,taboo
193738,great-western-trail
2921,game-life
136888,bruges
12002,jambo
39683,gates-loyang
13823,fairy-tale
5404,amun-re
97786,small-world-underground
138161,firefly-game
24181,imperial
25821,werewolves-millers-hollow
66362,glen-more
46213,telestrations
172225,exploding-kittens
2987,pirates-cove
21523,runebound-second-edition
173,formula-de
27746,colosseum
1115,poker
91312,discworld-ankh-morpork
27708,1960-making-president
22345,yspahan
88,torres
1219,labyrinth
30380,cuba
59946,dungeons-dragons-castle-ravenloft-board-game
63628,manhattan-project
11170,heroscape-master-set-rise-valkyrie
97842,last-will
14105,commands-colors-ancients
36946,red-november
27173,vikings
146652,legendary-encounters-alien-deck-building-game
163967,tiny-epic-galaxies
915,mystery-abbey
891,cranium
161417,red7
205637,arkham-horror-card-game
10,elfenland
4098,age-steam
2842,transamerica
115746,war-ring-second-edition
21882,blue-moon-city
327,loopin-louie
127060,bora-bora
183394,viticulture-essential-edition
13308,niagara
15818,pickomino
73761,k2
826,cartagena
59294,runewars
140,pit
7717,carcassonne-castle
112,condottiere
24068,shadow-hunters
51,ricochet-robots
128621,viticulture
171668,grizzled
1234,once-upon-time-storytelling-card-game
139030,mascarade
118048,targi
63268,spot-it
105,colossal-arena
79828,few-acres-snow
172818,above-and-below
198773,codenames-pictures
66589,navegador
475,taj-mahal
7805,fearsome-floors
150312,welcome-dungeon
2398,cribbage
30933,bang-bullet
71,civilization
394,kahuna
24508,taluva
2952,trivial-pursuit
209010,mechs-vs-minions
101721,mage-wars-arena
22827,starcraft-board-game
2381,scattergories
143693,glass-road
13004,downfall-pompeii
31730,chicago-express
150658,pandemic-cure
121408,trains
2425,battleship
133848,euphoria-build-better-dystopia
47,chinatown
92415,skull
8051,attika
54625,space-hulk-third-edition
3201,lord-rings-confrontation
194655,santorini
97903,terror-meeple-city
137297,rise-augustus
138788,dungeon-roll
55670,macao
590,mille-bornes
1829,risk-2210-d
46,medici
176396,quadropolis
156009,port-royal
39938,carson-city
36932,claustrophobia
201808,clank-deck-building-adventure
40398,monopoly-deal-card-game
105134,risk-legacy
155987,abyss
40628,finca
22141,cleopatra-and-society-architects
175914,food-chain-magnate
929,great-dalmuti
16986,ubongo
176189,zombicide-black-plague
1465,wizard
90419,airlines-europe
65781,london
7854,yinsh
172386,mombasa
15364,vegas-showdown
27225,bananagrams
155068,arcadia-quest
1345,genoa
156129,deception-murder-hong-kong
2083,checkers
1293,boggle
163968,elysium
257,kill-doctor-lucky
2281,pictionary
168435,between-two-cities
105551,archipelago
72287,mr-jack-pocket
85256,timeline-inventions
2389,othello
131366,eight-minute-empire
39953,game-thrones-card-game
163602,xcom-board-game
10093,axis-allies
110277,among-stars
44163,power-grid-factory-manager
40793,dice-town
171131,captain-sonar
15512,diamant
12995,dungeon-twister
117959,las-vegas
134726,smash-awesome-level-9000
192291,sushi-go-party
181279,fury-dracula-third-edition
1258,phase-10
5716,balloon-cup
146886,la-granja
58281,summoner-wars
24310,red-dragon-inn
141572,paperback
2093,mahjong
29387,zombie-fluxx
47185,warhammer-invasion
50750,belfort
9446,blue-moon
13642,louis-xiv
96913,lancaster
160851,lanterns-harvest-festival
128671,spartacus-game-blood-treachery
38054,snow-tails
177736,feast-odin
204583,kingdomino
49,mamma-mia
770,loot
148951,tiny-epic-kingdoms
162082,deus
2719,connect-four
42452,rattus
148575,marvel-dice-masters-avengers-vs-x-men
144344,rococo
3699,killer-bunnies-and-quest-magic-carrot
39351,automobile
137269,spyrium
526,abalone
2375,sequence
17329,animal-upon-animal
559,metro
176920,mission-red-planet-second-edition
554,la-citta
122298,morels
131260,qwixx
191862,imhotep
815,chrononauts
10640,doom-boardgame
30539,get-bit
121,dune
65532,defenders-realm
12962,reef-encounter
15817,manila
18833,lord-rings-confrontation
188834,secret-hitler
66356,dungeons-dragons-wrath-ashardalon-board-game
2448,kalah
8989,hansa
20437,lords-vegas
17223,world-warcraft-boardgame
712,blood-bowl-third-edition
1,die-macher
242,junta
2392,mastermind
33604,say-anything
2394,dominoes
9440,maharaja-game-palace-building-india
174430,gloomhaven
904,dream-factory
143519,quantum
34585,keltis
27364,caylus-magna-carta
182874,grand-austria-hotel
21050,combat-commander-europe
120,hoity-toity
1897,starfarers-catan
624,quoridor
33154,wasabi
159508,aquasphere
58421,egizia
9203,wings-war-famous-aces
4636,clans
714,talisman
220,high-society
171499,cacao
103886,star-wars-card-game
176229,tides-time
8125,santiago
234,hannibal-rome-vs-carthage
221,ikusa
28,illuminati-deluxe-edition
19600,antike
2407,sorry
169124,flick-em
160477,onitama
91872,dungeons-dragons-legend-drizzt-board-game
124,primordial-soup
125678,dc-comics-deck-building-game
16395,blokus-duo
180974,potion-explosion
121410,steam-park
175155,forbidden-stars
43868,adventurers-temple-chac
11971,cockroach-poker
1382,winners-circle
71836,onirim
1159,evo
54138,imperial-2030
146278,tash-kalar-arena-legends
28259,cutthroat-caverns
116998,thunderstone-advance-towers-ruin
32125,felix-cat-sack
102548,dungeon-fighter
140933,blueprints
66505,speicherstadt
83195,ghost-blitz
137408,amerigo
125153,gallerist
183251,karuba
16496,roma
119,kingdoms
40765,clash-cultures
163,balderdash
372,schotten-totten
2593,pass-pigs
56692,parade
18100,china
1353,times
172287,champions-midgard
224,history-world
172308,broom-service
25071,munchkin-cthulhu
140934,arboretum
143986,cv
30957,tribune-primus-inter-pares
1269,skip-bo
113997,tajemnicze-domostwo
94,union-pacific
681,quarto
35815,touch-evil-supernatural-game
553,chez-geek
5737,domaine
132,caesar-cleopatra
42776,gears-war-board-game
66056,rivals-catan
494,ave-caesar
126792,myrmes
2338,starship-catan
925,werewolf
128271,ginkgopolis
159675,fields-arle
1041,san-marco
104710,wiz-war-eighth-edition
127024,room-25
173090,game-2015
12902,carcassonne-city
36345,monty-python-fluxx
160069,ticket-ride-10th-anniversary
91514,rhino-hero
124172,tsuro-seas
4095,star-munchkin
25643,arkadia
41002,vasco-da-gama
199,manhattan
146439,battlelore-second-edition
43528,world-without-end
19100,hacienda
60,vinci
155624,specter-ops
27710,catan-dice-game
82222,xia-legends-drift-system
18258,mission-red-planet
42052,vinhos
2346,dvonn
91,paths-glory
94362,rune-age
15,cosmic-encounter
361,hare-tortoise
155695,age-war
240,britannia
25568,metropolys
121297,fleet
172242,exploding-kittens-nsfw-deck
21441,mykerinos
26990,container
157526,viceroy
155821,inis
112686,epic-spell-wars-battle-wizards-duel-mt-skullzfyre
103,titan
194607,mystic-vale
878,wyatt-earp
21632,court-king
102104,star-fluxx
2955,mexica
168584,love-letter-batman
34887,revolution
156336,onirim-second-edition
34127,ticket-ride-card-game
4324,risk-lord-rings
152162,diamonds
2596,villa-paletti
154246,la-isla
121288,dixit-journey
22825,tide-iron
88408,nightfall
22038,warrior-knights
35570,tinners-trail
170,family-business
154597,hive-pocket
31563,middle-earth-quest
6411,blokus-3d
421,1830-railways-robber-barons
9625,struggle-empires
24742,cold-war-cia-vs-kgb
1513,republic-rome
3685,hammer-scots
106217,hawaii
108687,puerto-rico-limited-anniversary-edition
18866,shear-panic
175117,celestia
17025,friday-13th
98351,core-worlds
174660,new-york-1901
4396,odins-ravens
39339,android
70512,luna
34084,witchs-brew
1231,bausack
104363,rex-final-days-empire
37628,haggis
528,zertz
119432,snowdonia
256,mississippi-queen
37196,sorry-sliders
104347,santiago-de-cuba
3307,wallenstein-first-edition
132372,guildhall
140603,francis-drake
172081,burgle-bros
986,babel
183840,oh-my-goods
62227,labyrinth-war-terror-2001
162007,steampunk-rally
65515,nuns-run
2136,pachisi
181521,warhammer-quest-adventure-card-game
21920,leonardo-da-vinci
2163,space-hulk
192153,pandemic-reign-cthulhu
167400,ashes-rise-phoenixborn
551,battle-cry
24417,factory-fun
45358,alhambra-big-box
157403,black-fleet
1403,turn-tide
118063,android-infiltration
35497,fauna
2386,chinese-checkers
180593,bloody-inn
169654,deep-sea-adventure
171273,fuse
158275,marvel-dice-masters-uncanny-x-men
52461,legacy-testament-duke-de-crecy
71671,yggdrasil
45986,stronghold
156566,lords-xidit
143515,coal-baron
145659,scoville
142326,eight-minute-empire-legends
115,im-boss
481,carolus-magnus
38159,ultimate-werewolf-ultimate-edition
192457,cry-havoc
26566,homesteaders
491,web-power
638,hera-and-zeus
15985,blood-bowl-living-rulebook
249,lifeboats
101785,d-day-dice
72225,co
119591,rialto
144592,bruxelles-1893
4491,cave-troll
106662,power-grid-first-sparks
4143,guess-who
902,meuterer
155969,harbour
6887,hearts
16747,tumblin-dice
855,java
55600,shipyard
340,franks-zoo
41916,magic-labyrinth
137988,zombicide-season-2-prison-outbreak
243,advanced-squad-leader
19999,aton
209685,century-spice-road
29678,munchkin-quest
6707,age-mythology-boardgame
131646,merchant-venus-second-edition
19526,elasund-first-city
113401,timeline-historical-events
109276,kanban-automotive-revolution
17392,here-i-stand
106,mystery-rummy-jack-ripper
12477,bootleggers
5048,candy-land
31497,oregon
119788,hyperborea
3931,mare-nostrum
1540,battletech
73171,earth-reborn
129948,palaces-carrara
492,aladdins-dragons
136991,loony-quest
1117,youre-bluffing
175621,epic-card-game
108784,ascension-storm-souls
163745,star-wars-armada
16267,trans-europa
151004,smash-science-fiction-double-feature
171669,discoveries
42487,lost-cities-board-game
163068,trickerion-legends-illusion
158900,samurai-spirit
157809,nations-dice-game
71061,dungeonquest-third-edition
19777,indonesia
24800,conflict-heroes-awakening-bear-russia-1941-42
191977,castles-burgundy-card-game
30381,hamburgum
163166,one-night-ultimate-werewolf-daybreak
4099,keythedral
25261,tannhauser
1339,dungeon
161614,stockpile
31105,archaeology-card-game
193037,dead-winter-long-night
36235,duke
177639,raptor
7,cathedral
79127,star-trek-fleet-captains
171233,big-book-madness
123096,space-cadets
148319,tragedy-looper
95103,fortune-and-glory-cliffhanger-game
150999,valley-kings
57390,catacombs
5894,twister
17710,conquest-empire
95064,ascension-return-fallen
112138,krosmaster-arena
8107,risk-lord-rings-trilogy-edition
40393,fits
39206,click-clack-lumberjack
144553,builders-middle-ages
3284,star-wars-epic-duels
13780,shadow-emperor
166669,san-juan-second-edition
1035,squad-leader
16772,mall-horror
12005,around-world-80-days
382,heimlich-co
15511,fjords
38386,castle-all-seasons
69552,panic-station
40270,call-cthulhu-card-game
153065,linko
217,la-carte
5432,snakes-and-ladders
29934,amyitis
117915,yedo
12495,fire-axe-viking-saga
66171,dragonheart
131287,panamax
1042,dragons-gold
149155,dead-mans-draw
30645,tammany-hall
119506,freedom-underground-railroad
179572,dice-city
198994,hero-realms
65901,age-industry
143185,smash-obligatory-cthulhu-set
2181,bridge
38343,ad-astra
43022,yomi
1261,medina
6351,gulo-gulo
141517,study-emerald
13551,oltre-mare
634,river-dragons
10653,pirates-spanish-main
18803,black-stories
713,nuclear-war
199042,harry-potter-hogwarts-battle
3737,operation
57925,havana
81453,famiglia
135382,shadowrun-crossfire
987,kingmaker
875,roads-boats
23107,drakon-third-edition
95527,madeira
168,empire-builder
99875,martian-dice
73369,51st-state
128996,1775-rebellion
131325,timeline-diversity
12194,munchkin-bites
37120,pack-stack
398,wildlife-safari
40760,alea-iacta-est
196,kremlin
21550,blokus-trigon
11901,tic-tac-toe
142079,space-cadets-dice-duel
129051,le-havre-inland-port
32116,airships
169255,game-thrones-card-game-second-edition
134352,two-rooms-and-boom
10997,boomtown
25021,sekigahara-unification-japan
85897,thunderstone-dragonspire
201,rose-king
339,quiddler
230,merchant-venus
134453,little-prince-make-me-planet
202408,adrenaline
1544,beyond-balderdash
17161,tempus
24827,traders-osaka
4192,warhammer
67492,battles-westeros
466,inkognito
17240,s-life
3633,sid-meiers-civilization-boardgame
90305,cargo-noir
99975,timeline-discoveries
125,money
19841,pentago
619,bottle-imp
55427,mr-jack-new-york
527,gipf
943,ligretto
228,lunch-money
154809,nippon
204027,cottage-garden
46255,campaign-manager-2008
139976,cthulhu-wars
105037,tournay
12761,ys
198928,pandemic-iberia
140068,galaxy-trucker-anniversary-edition
145639,coconuts
180511,shakespeare
1295,pente
16991,khet-laser-game
142992,gravwell-escape-9th-dimension
859,illuminati
66587,gosu
13884,scepter-zavandor
65611,cthulhu-dice
472,dungeonquest
50768,ninjato
117985,star-trek-catan
42910,peloponnes
120217,city-horror
5576,dungeoneer-tomb-lich-lord
5206,ogre
354,sticheln
154386,medieval-academy
130176,tales-games-hare-tortoise
41933,arctic-scavengers
2507,liberte
65907,mystery-express
196340,yokohama
162,awful-green-things-outer-space
108906,thunder-alley
2569,pick-picknic
520,axis-allies-europe
34194,aquaretto
1515,upwords
7479,warcraft-board-game
3243,wooly-bully
14808,marvel-heroes
594,sleuth
1410,trouble
168679,flip-city
128442,relic
123123,battlecon-devastation-indines
177524,ice-cool
13122,antiquity
128667,samurai-sword
21791,masons
15318,palazzo
82421,summoner-wars-phoenix-elves-vs-tundra-orcs
1502,hotel-tycoon
2165,pokemon-trading-card-game
27356,portobello-market
36553,times-title-recall
183880,risk-star-wars-edition
23094,planet-steam
92190,super-dungeon-explore
12891,friedrich
146791,shadows-brimstone-city-ancients
194879,not-alone
92319,olympos
37198,risk-revised-edition
200147,kanagawa
908,tally-ho
155873,power-grid-deluxe-europenorth-america
86955,munchkin-zombies
3570,chicken-cha-cha-cha
23686,gifttrap
66,lowenherz
265,intrigue
31999,tzaar
35503,ra-dice-game
72991,asara
111124,dark-moon
182631,star-realms-colony-wars
31016,we-didnt-playtest-all
16933,super-munchkin
70,big-city
9028,tongiaki-journey-unknown
27848,age-conan-strategy-board-game
715,escape-colditz
33451,red-dragon-inn-2
17835,monsters-menace-america
99,fortress-america
24773,underground
175199,mottainai
29223,marrakech
39684,merkator
157789,pandemic-contagion
38862,giants
125548,pixel-tactics
168917,smash-pretty-pretty-smash
104020,vanuatu
1301,netrunner
4174,lifeboat
1568,space-crusade
91873,strasbourg
91523,mondo
159109,xenoshyft-onslaught
15510,tower-babel
17449,beowulf-legend
16366,funny-friends
156776,warhammer-40000-conquest
4394,settlers-stone-age
170042,raiders-north-sea
128,take-it-easy
153064,good-cop-bad-cop
55690,kingdom-death-monster
10383,risk-godstorm
185343,anachrony
232,serenissima-first-edition
158339,lost-legacy-starship
68182,isla-dorada
3439,heroclix
204,stephensons-rocket
41010,my-first-carcassonne
6068,queens-necklace
8190,bridges-shangri-la
151022,baseball-highlights-2045
18723,aye-dark-overlord-red-box
160018,smash-monster-smash
192458,51st-state-master-set
82420,summoner-wars-guild-dwarves-vs-cave-goblins
85325,kolejka
3228,pueblo
9027,oasis
632,cloud-9
205359,star-wars-destiny
20545,rorys-story-cubes
147303,carcassonne-south-seas
181530,runebound-third-edition
25951,castle-devil
55697,power-struggle
84419,space-empires-4x
2582,catch-phrase
4218,o-zoo-le-mio
128780,pax-porfiriana
214,cafe-international
3837,rat-tat-cat
17396,manoeuvre
27976,heroscape-master-set-swarm-marro
949,twixt
1634,warhammer-quest
98229,pictomania
141736,sail-india
2162,warhammer-40000
2679,mouse-trap
1270,star-wars-customizable-card-game
337,circus-flohcati
90040,pergamon
1260,rook
145189,timeline-music-cinema
116954,indigo
122159,cthulhu-fluxx
6607,munchkin-fu
917,rack-o
4471,fist-dragonstones
60435,rallyman
181810,kodama-tree-spirits
160495,zhanguo
176558,mafia-de-cuba
28089,chateau-roquefort
54137,battle-sheep
193558,oracle-delphi
34707,hanging-gardens
40354,maria
2122,vampire-eternal-struggle
176734,manhattan-project-energy-empire
9823,advanced-squad-leader-starter-kit-1
38996,washingtons-war
3800,himalaya
10997,boomtown
25021,sekigahara-unification-japan
85897,thunderstone-dragonspire
201,rose-king
339,quiddler
230,merchant-venus
134453,little-prince-make-me-planet
202408,adrenaline
1544,beyond-balderdash
17161,tempus
24827,traders-osaka
4192,warhammer
67492,battles-westeros
466,inkognito
17240,s-life
3633,sid-meiers-civilization-boardgame
90305,cargo-noir
99975,timeline-discoveries
125,money
19841,pentago
619,bottle-imp
55427,mr-jack-new-york
527,gipf
943,ligretto
228,lunch-money
154809,nippon
204027,cottage-garden
46255,campaign-manager-2008
139976,cthulhu-wars
105037,tournay
12761,ys
198928,pandemic-iberia
140068,galaxy-trucker-anniversary-edition
145639,coconuts
180511,shakespeare
1295,pente
16991,khet-laser-game
142992,gravwell-escape-9th-dimension
859,illuminati
66587,gosu
13884,scepter-zavandor
65611,cthulhu-dice
472,dungeonquest
50768,ninjato
117985,star-trek-catan
42910,peloponnes
120217,city-horror
5576,dungeoneer-tomb-lich-lord
5206,ogre
354,sticheln
154386,medieval-academy
130176,tales-games-hare-tortoise
41933,arctic-scavengers
2507,liberte
65907,mystery-express
196340,yokohama
162,awful-green-things-outer-space
108906,thunder-alley
2569,pick-picknic
520,axis-allies-europe
34194,aquaretto
1515,upwords
7479,warcraft-board-game
3243,wooly-bully
14808,marvel-heroes
594,sleuth
1410,trouble
168679,flip-city
128442,relic
123123,battlecon-devastation-indines
177524,ice-cool
13122,antiquity
128667,samurai-sword
21791,masons
15318,palazzo
82421,summoner-wars-phoenix-elves-vs-tundra-orcs
1502,hotel-tycoon
2165,pokemon-trading-card-game
27356,portobello-market
36553,times-title-recall
183880,risk-star-wars-edition
23094,planet-steam
92190,super-dungeon-explore
12891,friedrich
146791,shadows-brimstone-city-ancients
194879,not-alone
92319,olympos
37198,risk-revised-edition
200147,kanagawa
908,tally-ho
155873,power-grid-deluxe-europenorth-america
86955,munchkin-zombies
3570,chicken-cha-cha-cha
23686,gifttrap
66,lowenherz
265,intrigue
31999,tzaar
35503,ra-dice-game
72991,asara
111124,dark-moon
182631,star-realms-colony-wars
31016,we-didnt-playtest-all
16933,super-munchkin
70,big-city
9028,tongiaki-journey-unknown
27848,age-conan-strategy-board-game
715,escape-colditz
33451,red-dragon-inn-2
17835,monsters-menace-america
99,fortress-america
24773,underground
175199,mottainai
29223,marrakech
39684,merkator
157789,pandemic-contagion
38862,giants
125548,pixel-tactics
168917,smash-pretty-pretty-smash
104020,vanuatu
1301,netrunner
4174,lifeboat
1568,space-crusade
91873,strasbourg
91523,mondo
159109,xenoshyft-onslaught
15510,tower-babel
17449,beowulf-legend
16366,funny-friends
156776,warhammer-40000-conquest
4394,settlers-stone-age
170042,raiders-north-sea
128,take-it-easy
153064,good-cop-bad-cop
55690,kingdom-death-monster
10383,risk-godstorm
185343,anachrony
232,serenissima-first-edition
158339,lost-legacy-starship
68182,isla-dorada
3439,heroclix
204,stephensons-rocket
41010,my-first-carcassonne
6068,queens-necklace
8190,bridges-shangri-la
151022,baseball-highlights-2045
18723,aye-dark-overlord-red-box
160018,smash-monster-smash
192458,51st-state-master-set
82420,summoner-wars-guild-dwarves-vs-cave-goblins
85325,kolejka
3228,pueblo
9027,oasis
632,cloud-9
205359,star-wars-destiny
20545,rorys-story-cubes
147303,carcassonne-south-seas
181530,runebound-third-edition
25951,castle-devil
55697,power-struggle
84419,space-empires-4x
2582,catch-phrase
4218,o-zoo-le-mio
128780,pax-porfiriana
214,cafe-international
3837,rat-tat-cat
17396,manoeuvre
27976,heroscape-master-set-swarm-marro
949,twixt
1634,warhammer-quest
98229,pictomania
141736,sail-india
2162,warhammer-40000
2679,mouse-trap
1270,star-wars-customizable-card-game
337,circus-flohcati
90040,pergamon
1260,rook
145189,timeline-music-cinema
116954,indigo
122159,cthulhu-fluxx
6607,munchkin-fu
917,rack-o
4471,fist-dragonstones
60435,rallyman
181810,kodama-tree-spirits
160495,zhanguo
176558,mafia-de-cuba
28089,chateau-roquefort
54137,battle-sheep
193558,oracle-delphi
34707,hanging-gardens
40354,maria
2122,vampire-eternal-struggle
176734,manhattan-project-energy-empire
9823,advanced-squad-leader-starter-kit-1
38996,washingtons-war
3800,himalaya
