4090,2nd-fleet
5259,booby-trap
12296,senator
146725,golem-arcana
2872,terrace
5298,curses
7240,vanished-planet
71593,charon-inc
176803,overseers
982,amoeba-wars
19074,ostia
139897,belle-ball
171630,drakon-fourth-edition
748,trax
12750,1860-railways-isle-wight
30057,burger-joint
183896,firefly-fluxx
1783,creature-ate-sheboygan
18296,silk-road
1188,chaos-marauders
31075,ming-dynasty
65814,dweebies
1379,ebbe-flut
118776,tahiti
120447,get-lucky
142854,infection-humanitys-last-gasp
2960,camden
14083,fire-sky-great-pacific-war-1941-1945
179182,dojo-kun
3986,battle-germany
7204,china-moon
15156,coloretto-amazonas
75223,utopia-engine
86128,barons
34,arkham-horror
2669,frog-juice
3593,star-wars-star-warriors
182074,antarctica
189067,cavern-tavern
193210,dice-stars
506,big-cheese
11161,dungeoneer-den-wererats
11182,super-scrabble
163976,exoplanets
165657,melee
176334,guns-steel
3692,firepower
130605,lost-valley-yukon-goldrush-1896
152758,penguin
209418,dominion-second-edition
1527,bitin-hedz
6644,spite-malice
14535,spanc-space-pirate-amazon-ninja-catgirls
38553,duck-dealer
126750,sky-tango
139562,rockwell
63196,three-dragon-ante-emperors-gambit
141090,kohle-kolonie
935,australian-rails
1152,mystic-wood
96749,fading-glory
114871,win
123045,uncharted-board-game
52,mighty-empires
6137,drive
22485,terra-prime
23964,game-life-40th-anniversary-edition
155689,dungeons-dragons-attack-wing
2536,vabanque
182116,dingos-dreams
322,tonga-bonga
1943,game-bonkers
3048,trivial-pursuit-millennium-edition
5029,monopoly-star-wars-episode-1
6569,cronberg
38026,clue-harry-potter-edition
148532,geistesblitz-5-vor-12
173319,lost-legacy-second-chronicle-vorpal-sword-whitegol
434,yucata
6719,liberty-american-revolution-1775-83
7858,ardennes-44
20436,stonehenge-anthology-board-game
31722,steam-over-holland
100734,my-happy-farm
137238,time-n-space
142402,red-dragon-inn-4
142555,lord-rings-two-towers-deck-building-game
192927,last-friday
10788,hellenes-campaigns-peloponnesian-war
24410,treasures-traps
869,bongo
168215,saboteur-duel
147305,om-nom-nom
174524,saloon-tycoon
9439,fbi
16035,cranium-whoonu
23935,oshi
130680,iknow
147747,super-fantasy-ugly-snouts-assault
159868,sellswords
2640,babylon-5-collectible-card-game
2956,dirty-minds-game-naughty-clues
4001,space-marine
4606,sucking-vacuum
8450,hector-and-achilles
33581,mwahahaha
159632,strife-legacy-eternals
206931,noch-mal
68,successors-second-edition
16362,hula-hippos
18961,paranoia-mandatory-bonus-fun-card-game
108344,might-magic-heroes
152899,pixel-tactics-3
1254,crack-case
2573,rivers-roads-rails
63975,level-x
123228,bling-bling-gemstone
175549,salem
216091,unlock-formula
19679,hordes
23817,1861-railways-russian-empire
145888,capcom-street-fighter-deck-building-game
3383,die-heisse-schlacht-am-kalten-buffet
4388,rome-imperium-circus-maximus-hannibal-vs-rome
3083,submarine
22465,dot
169649,sapiens
3548,assault-hoth-empire-strikes-back
24473,megastar
65568,jager-und-sammler
193308,spyfall-2
196202,rum-bones-second-tide
192802,days-ire-budapest-1956
2301,new-dungeon
2821,uno-stacko
3337,lobo-77
97875,wiraqocha
173761,telestrations-after-dark
192834,fight-olympus
746,game-france-1940-german-blitzkrieg-west
3828,locomotive-werks
5393,wheedle
5478,crazy-circus
41429,band-brothers-screaming-eagles
41490,phantom-leader
7514,zombie-plague
11929,go-moku
41259,ramses-pyramid
162093,i-hate-zombies
175095,dawn-zeds-third-edition
1098,judge-dredd
1413,attack-sub
1444,spqr
2767,snails-pace-race
2001,trivial-pursuit-family-edition
3052,sim-city-card-game
12171,pucket
15738,midevil
124590,call-glory
137237,bremerhaven
21613,diabolo
25677,formidable-foes
1002,cosmic-eidex
18946,just-desserts
30662,travel-carcassonne
187104,4-gods
187617,nemos-war-second-edition
2073,sixth-fleet
4604,chez-greek
95386,tem-purr
172584,among-nobles
166107,matcha
174744,mogul
118023,keltis-das-wurfelspiel
129614,rondo
153422,gardens
167763,dc-comics-deck-building-game-teen-titans
176371,explorers-north-sea
198522,archer-once-you-go-blackmail
19878,lucca-citta
186265,minecraft-card-game
23981,genesis
158534,bring-out-yer-dead
56796,lets-catch-lion
66190,new-york
114438,wait-theres-more
154173,7-ronin
756,black-vienna
4816,xactika
11202,first-world-war
23418,pursuit-glory
35706,carpe-astra
37301,decktet
114912,starship-merchants
122599,winter-tales
142432,continental-express
142451,cornish-smuggler
177965,rush-bash
220520,caverna-cave-vs-cave
458,sherlock-holmes-card-game
6551,crimson-skies
7104,ace-aces-powerhouse-series
66120,zooloretto-junior
140125,fallen
145014,cardline-globetrotter
1163,ciao-ciao
1421,lost-worlds
61458,kaigan
194523,hms-dolores
3044,air-assault-creteinvasion-malta-1942
17988,die-dolmengotter
20295,weykick
25738,big-taboo
189848,munchkin-marvel
193,fill-or-bust
3562,theophrastus
72809,barbarossa
136117,walking-dead-card-game
1250,hacker
2981,breaking-away
19027,redneck-life
27970,star-wars-pocketmodel-tcg
103651,23
140613,gear-piston
160409,too-many-cinderellas
192947,camel-cards
3529,vampire-hunter
23950,viktory-ii
39188,liberty-roads
58329,langfinger
140796,fluxx-board-game
1713,maharaja
3921,street-illegal
66608,two-two
71099,ingenious-challenges
147021,hollywood
216092,unlock-squeek-sausage
271,its-mine
43578,monster-chase
143484,florenza-card-game
159059,kings-abbey
38402,sidibaba
129469,card-dead
172155,ascension-dawn-champions
64,joan-arc
89,blue-vs-gray
644,shipwrecked
1218,junior-labyrinth
1693,gladiator
142271,anomia-party-edition
2922,chairs
4052,star-wars-trading-card-game
38786,red-winter-soviet-attack-tolvajarvi-finland-8-12-d
186375,tokaido-deluxe-edition
12318,typo
719,tyranno-ex
4984,jutland
4985,warmaster
22019,zombietown
23540,1889
24224,anasazi
58099,granada
200454,planetarium
1859,doomtrooper
6508,tom-tube
53317,pictureka-card-game
127589,slavika
168770,epic-pvp-fantasy
1593,down-king
66982,boomerang
79068,wrong-chemistry
99808,pizza-theory
205125,ticket-ride-first-journey-us
302,forum-romanum
2150,londons-burning
55863,three-musketeers-queens-pendants
130390,ruhrschifffahrt-1769-1890
4047,across-5-aprils
29663,star-fleet-battles-captains-edition-basic-set
38275,robotory
94733,heroica-waldurk
101786,dust-tactics-revised-core-set
162388,battlecon-fate-indines
1631,barbarian-prince
3573,napoleon-waterloo
6552,cashflow-101
9297,oh-pharaoh
137811,galactic-strike-force
156786,munchkin-panic
174458,baseball-highlights-2045-deluxe-edition
193212,chariot-race
87,victory-blocks-war
2043,shogun
2781,my-word
27961,risk-transformers-cybertron-battle-edition
128921,rattus-cartus
130060,ohne-furcht-und-adel
11096,tahuantinsuyu
35634,samurai-card-game
70916,rockband-manager
125368,dino-hunt-dice
161757,new-salem
5258,star-trek-next-generation-interactive-vcr-board-ga
25242,relikt
30379,change-horses
121764,plato-3000
138311,machine-death-game-creative-assassination
72448,trivial-pursuit-bet-you-know-it
182875,hengist
16162,target-arnhem-across-6-bridges
40234,einauge-sei-wachsam
72482,heroes-graxia
130486,small-city
140271,maximum-throwdown
156442,asking-trobils
988,zapp-zerapp
3893,full-thrust
19187,dungeoneer-realm-ice-witch
39088,hoppladi-hopplada
43691,delve-dice-game
165477,orcs-orcs-orcs
861,weapons-and-warriors-castle-combat-set
950,four-dragons
40107,soviet-dawn
82955,1655-habemus-papam
3475,shadowfist
3730,statis-pro-baseball
24627,star-wars-miniatures-starship-battles
35438,moto-grand-prix
93185,tetris-link
2197,kensington
5306,harrys-grand-slam-baseball-game
6554,lawless
177939,marvel-dice-masters-amazing-spider-man
194100,costa-rica
514,true-colors
58886,alba-longa
89342,tomorrow
163641,eminent-domain-battlecruisers
1493,1853
88402,crappy-birthday
105199,space-mission
177197,eko
1668,modern-naval-battles
4385,gamut-games
12875,cranium-turbo-edition
20609,asia-engulfed
171339,entropy
566,wongar
6613,downtown-air-war-over-hanoi-1965-1972
10502,poker-dice
37739,sutters-mill
67436,harry-potter-hogwarts
140997,romans-go-home
1881,atmosfear-harbingers
2608,king-oil
4651,stalingrad
4845,star-wars-escape-death-star-game
9617,russian-rails
24491,supernova
32146,trailer-park-wars
33196,genji
163081,galaxy-trian
27658,warhammer-fantasy-battle-battle-skull-pass
562,silberzwerg
1408,gammarauders
8039,trivial-pursuit-dvd-pop-culture-game
90474,gold
110870,cavemen-quest-fire
145722,eat-me-if-you-can
189660,xenoshyft-dreadmire
206084,nautilion
1533,ghost-chase
2127,overpower
6653,strange-synergy
24771,null-nichtig
110331,infarkt
197070,massive-darkness
1498,paydirt
4928,clue-50th-anniversary-edition
10559,why-did-chicken
140638,walking-dead-board-game-best-defense
156266,apex-theropod-deck-building-game
165876,spike
171261,hocus
2629,ramses-ii
8392,buckaroo
146784,dark-gothic
194232,rick-and-morty-total-rickall-card-game
330,block-mania
661,wheres-bobs-hat
706,frederick-great
724,chill-black-morn-manor
1257,starbase-jeff
3040,star-trek-starship-tactical-combat-simulator
30641,monuments-wonders-antiquity
163377,rolling-japan
179719,risk-game-thrones
1720,dragon-pass
3404,legend-landlock
8964,funny-bunny
13123,500
15410,walk-dogs
32901,prawo-dzungli
155025,magnates-game-power
686,dr-jekyll-mr-hyde
1125,big-shot
2318,scrabble-junior
2998,reds-russian-civil-war-1918-1921
3895,silent-death
20782,siam
25695,chopstick-dexterity-megachallenge-3000
56835,train-thought
140709,alhambra-family-box
162886,spirit-island
1330,savannah-cafe
1669,mosbys-raiders
3567,roller-coaster-tycoon
52328,malifaux
93541,urbania
99219,swish
131449,captains-industry
193927,vanuatu-second-edition
951,football-strategy
1308,confusion
1520,monad
5222,old-town
39332,lakota
41762,fastrack
103184,gnomes-zavandor
163027,loop-inc
3320,game-life-jedis-path
33003,caucasus-campaign
146818,cappuccino
63,samurai
1678,peloponnesian-war
6866,mus
15369,devils-cauldron-battles-arnhem-and-nijmegen
2975,origins-world-war-ii
12140,stalingrad-pocket-ii
24070,afrika-second-edition
28739,garibaldi-escape
38430,timber-tom
139245,dilluvia-project
163170,firefly-shiny-dice
166317,time-soccer
173092,traxx
188866,incomodos-invitados
1416,meridian
3605,third-world-war
5758,monopoly-pokemon
9787,beer-money
25623,mmm-brains
94734,heroica-nathuz
112598,monster-factory
175495,titan-race
57,schoko-co
2179,musketeers
12826,tumblin-monkeys
19646,fettnapf-sicht
72478,trollhalla
108161,aquileia
393,dinosaurs-lost-world
1509,dogfight
1695,legend-robin-hood
3137,anno-domini-erfindungen
5651,longest-day
89962,angry-birds-knock-wood
170146,dark-seas
5296,waterloo
11416,burn-hell
18064,run-your-life-candyman
156373,chimera
191538,leo
912,pacific-victory
4425,waterloo-napoleons-last-battle
41302,first-orchard
164698,fresh-fish
366,viva-pamplona
1439,penguin-pile
4122,electronic-battleship
4991,apples-apples-kids
22479,horrorclix
33159,middle-kingdom
35801,lungarno
146579,quilt-show
152847,shinobi-wat-aah
1518,executive-decision
2047,creek
2166,wyvern
7239,medieval
110868,locke-key-game
84464,animal-upon-animal-balancing-bridge
142239,vye-card-game-capture-and-control
178892,vs-system-2pcg-marvel-battles
109,wettstreit-der-baumeister
482,sky-runner
36887,waterloo
83040,leader-1-hell-north
911,empires-middle-ages
1070,waldschattenspiel
1210,cults-across-america
4532,thud
5546,marbles
13084,volcano
35614,where-there-discord-war-south-atlantic
118337,urbanization
139952,clockwork-wars
195372,krazy-wordz
720,fast-food-franchise
3133,captain-parks-imaginary-polar-expedition
17166,clout-fantasy
31822,master-rules
144525,dungeon-twister-card-game
184700,name-odin
1692,spoons
1919,d-day-3rd-edition
2212,ebay-electronic-talking-auction-game
9616,horus
14736,lets-kill
29355,wurfel-bingo
35035,world-war-blood-and-bridges
93194,011
113927,nightfall-coldest-war
137651,whats-he-building-there
158392,stay-away
274,guerilla
2387,huggermugger
2598,tank-battle
4204,tunisia
38873,cambria
68858,tanto-cuore-expanding-house
145642,cards-cthulhu
161533,lisboa
2749,american-civil-war
2972,fantasy-business
25294,take-it-limit
61487,unconditional-surrender-world-war-2-europe
99459,banjooli-xeet
36,federation-empire
1370,classic-dungeon
1799,warlord-saga-storm
7976,fantasy-pub
13375,submarine
20101,kaivai
23348,easter-island
67178,water-lily
119193,crazy-creatures-dr-doom
121041,pluckin-pairs
143096,camp-grizzly
145219,craftsmen
173018,grimslingers
173294,dc-comics-dice-masters-war-light
175961,three-cheers-master
177499,wwe-superstar-showdown
3463,wizard
27380,origo
55833,tarantel-tango
59960,dakota
72766,smileyface
98527,gloom-kilforth-fantasy-quest-game
175360,w1815
1190,continuo
8232,zauberschwert-drachenei
17526,hecatomb
34871,ventura
97094,dark-minions
127920,kanzume-goddess
146158,new-haven
150298,one-zero-one
710,snits-revenge
3347,solo
14134,my-dwarves-fly
40483,anima-beyond-good-and-evil
66613,titania
92776,guards-guards-discworld-boardgame
162009,us-civil-war
171226,starfighter
755,thunder-cassino
795,dragonlance
1942,foppen
2087,magic-dance
13230,gobblet-gobblers
41019,sherwood-forest
103091,catan-histories-merchants-europe
1877,pig-pile
5668,mini-mastermind
142503,one-night-werewolf
147451,field-glory-card-game
195867,papa-paolo
27800,market-alturien
46422,nostra-city
723,x-men-alert
2063,great-khan-game
22861,feed-kitty
139508,walled-city-londonderry-borderlands
210,don-pepe
3422,fantasy
4907,pac-man-game
5135,malarky
31612,sultan
119637,zug-um-zug-deutschland
121409,1969
541,das-motorsportspiel
1964,campaign
5711,squad-seven
103235,singapore
143994,capo-dei-capi
155702,quarriors-light-vs-dark
188314,topoum
1666,ambush-battle-hymn-alternate
5014,hands
15261,trump-tricks-game
23334,doodle-dice
37738,master-builder
64675,schweinebande
65262,connect-4-revised-edition
81250,stich-meister
460,railway-rivals
816,2038-tycoons-asteroid-belt
2903,hunt-red-october
4327,war-sheep
18901,monopoly-here-and-now
154875,silent-victory-us-submarines-pacific-1941-45
163937,world-yo-ho
165877,spellcaster
43,airlines
1435,4000-d
1579,wrasslin
1726,alexander-great
3385,stratego-star-wars
163474,v-commandos
171479,commissioned
4659,moods
6608,lord-rings-trivia-game
10672,easy-come-easy-go
18975,hunting-party
89668,bits
130999,diavolo
183797,timeline-star-wars
3749,sumo
3855,crimson-skies
5122,charades
15830,scene-it-disney
21150,stack-market
66798,heckmeck-barbecue
83068,1955-war-espionage
117854,kosmonauts
143981,volt-robot-battle-arena
146559,infamy
250,colonial-diplomacy
944,magblast
1146,shadowlord
204184,risk-europe
426,battle-bulge
2294,flinch
3114,poleconomy
7349,korean-war
186701,burger
1508,broadside
2076,gulf-strike
2368,battlecars
2537,draco-co
3563,lord-rings-fellowship-ring
3702,topple
6542,lock-n-load-forgotten-heroes-vietnam
33155,burrows
39336,megawatts
40871,crunch-game-utter-bankers
66437,souvlaki-wars
93971,nile-deluxor
94732,heroica-draida
145501,fun-farm
192351,world-monuments
192547,go-cuckoo
203102,buffy-vampire-slayer-board-game
2879,encore
7989,spooks
16444,battle-bulge
179259,garbage-day
4854,7th-fleet
13464,alfapet
31954,victory-denied
135888,titanium-wars
313,big-boss
3947,cannibal-pygmies-jungle-doom
4454,statis-pro-football
5425,mindtrap-ii
102610,shitenno
119866,wings-glory-ww1-rules-and-accessories-pack
3406,lines-action
7742,confrontation
19358,western-town
28609,game-life-twists-turns
40816,magestorm
156719,dino-race
151,piratenbillard
645,bosworth
85243,loch-ness
86156,reverse-charades
123370,nox
179071,great-dinosaur-rush
193651,bohemian-villages
199793,dokmus
1525,dixie-bull-run
8243,rolit
55911,albion
124545,town-center
136558,expedition-famous-explorers
159209,bucket-king-3d
162152,ciub
164506,biblios-dice
179350,bretagne
200924,order-gilded-compass
27766,catan-junior
34829,ilium
153709,pyramix
181440,hack-trick
182218,hoax-second-edition
1289,smess-ninnys-chess
2139,x-files
18127,castle-merchants
20082,pecunia-non-olet
30024,kachina
133285,tin-goose
145186,pick-polar-bear
157088,essen-game-spiel13
180241,warhammer-age-sigmar
192334,vikings-board
67,conquest
1702,klondike
3413,saratoga
10869,heart-africa
132817,xanadu
144632,city-council
169464,defenders-last-stand
204837,game-thrones-iron-throne
828,wizards
23263,clue-dvd-game
64220,richard-scarrys-busytown-eye-found-it-game
125028,colorpop
192120,meeple-war
263,manitou
499,arbos
1555,dungeon-dice
1679,carrier
4688,angola
40603,incursion
55679,panzer-general-allied-assault
176262,fleet-wharfside
1701,toscana
2371,extra
4493,kayanak
4789,trivial-pursuit-genus-iii
5297,world-war-i
8633,monopoly-disney
19464,soccer-tactics-world
129710,card-city
162580,realm-wonder
3727,carla-cat
8508,dork-tower
10520,tyrus
14080,mighty-endeavor
33172,monastery
192297,america
1202,sorcerers-cave
2771,maginor
8128,atta-ants
11385,stratego-lord-rings
21859,figaro
73664,cabo
74102,der-pate
127282,al-rashid
304,ever-green
639,american-megafauna
1602,royal-game-ur
2611,hellgame
3553,close-action
9108,masquerade
9149,zitternix
13972,party-co
15880,hollywood-card-game
25605,walhalla
27306,venedig
154428,trekking-national-parks
160567,bang-walking-dead
204574,flow-history
145,metropolis
4318,cannes-stars-scripts-and-screens
14403,warhammer-40000-battle-macragge
19624,freyas-folly
125148,lap-dance
192240,control
765,space-walk
1251,new-world
18750,dragonriders
21854,los-mampfos
40935,zoowaboo
61269,drakon-second-edition
153912,mystery-abbey-pilgrims-chronicles
200171,legendary-big-trouble-little-china
2173,4-player-chess
24270,hoyuk
38858,strada-romana
40251,risk-balance-power
179820,tail-feathers
387,corruption
5718,cranium-cariboo
27739,hearts-and-minds-vietnam-1965-1975
39383,frontline-d-day
123129,we-didnt-playtest-legacies
129395,monopoly-millionaire-deal-card-game
148531,polterfass
154892,loonacy
157912,rise-power
186567,baseball-highlights-2045-super-deluxe-edition
200853,habitats
2265,ultimate-stratego
13337,whist
138166,huida-de-silver-city
2816,crossfire
3934,bowling-dice
16500,highland-clans
22664,phase-10-masters-edition
34583,set-cubed
202288,medici-card-game
301,campanile
417,edison-co
983,tangoes
2240,mad-magazine-card-game
3484,armada
17075,giza
42306,wings-war-ww2-deluxe-set
2607,totopoly
3613,air-superiority
67919,message
72848,kill-overlord
181617,beasty-bar-new-beasts-town
182120,histrio
124490,aztlan
128475,murder-crows
169341,birds-feather
1644,tipp-kick
3093,croak
5704,captn-clever
23241,gravediggers
29805,petits-meurtres-faits-divers
126613,warhammer-40000-sixth-edition
161681,lift-get-me-planet
166109,meteor
4,tal-der-konige
1591,ploy
128733,revolver-2-last-stand-malpaso
131246,siberia-card-game
150484,secrets-lost-tomb
151771,la-cosa-nostra
172062,fairytale-gloom
187988,pyramid-arcade
1497,dino-hunt
2350,eureka
4934,battling-tops
5255,gorkamorka
7320,elefun
18265,message-czar
35669,bastogne-screaming-eagles-under-siege
72667,mijnlieff
117995,spot-it-jr-animals
120426,redshirts
160814,cartoon-network-fluxx
177727,haleakala
183284,factory-funner
2978,stratego-4
15826,triumph-chaos
122943,scripts-and-scribes-dice-game
170199,solarius-mission
172881,quartz
295,europa-1945-2030
4211,stonewall-jacksons-way
4258,totaler-krieg
6923,battletech-citytech
24764,monopoly-mega-edition
109548,hemloch
125943,corporate-america
158408,coup-deluxe-edition
177354,frostgrave
1101,flying-carpet
2242,creatures-cultists
3710,mbt
13507,wink
76883,khan
139147,romolo-o-remo
167292,bellz
177702,warehouse-51
344,members-only
524,desperados
668,sternenhimmel
1335,gnadenlos
1558,rogue-trooper
2936,dice-run
17394,burning-blue
22266,zig-zag
37612,apples-apples-go
38387,los-banditos
43530,party-alias
128537,gentlemen-thieves
177147,survive-space-attack
1387,alaska
3845,yahtzee-jr
5941,mermaid-rain
14379,harry-potter-and-sorcerers-stone-mystery-hogwarts
30324,cah-n-gun-live
36745,simply-ingenious
56342,chez-cthulhu
63395,chocolatl
65334,flash-duel
84838,yomi-second-edition
170202,floating-market
192735,broom-service-card-game
230408,monopoly-gamer
14039,flix-mix
24028,rukshuk
42050,eurobusiness
168700,kigi
181523,snowblind-race-pole
182619,mule-board-game
185123,ascension-dreamscape
2422,bismarck
4564,blue-gray
23779,enemy-chocolatier
121993,we-will-wok-you
167298,sheep-thief
171492,vienna
201054,whats
2470,extraordinary-adventures-baron-munchausen
4282,greed
16693,uno-h2o
30804,song-blades-and-heroes
25,battlemist
4212,here-come-rebels
5312,family-feud
19727,great-space-race
23848,hameln
145976,talon
146910,wildcatters
148271,metallum
4213,mao
12545,game-life-simpsons-edition
13166,lets-go-fishin
15047,trivial-pursuit-dvd-star-wars-saga-edition
88922,clue-suspect
172737,high-frontier-3rd-edition
825,screaming-eagles
2077,hells-highway
27155,jte-gage-que
28805,lord-rings-strategy-battle-game
37376,gem-dealer
66076,industry
68227,fabula
83197,yin-yang
680,dune
2135,edge
3149,lost-valley-dinosaurs
5740,strat-o-matic-pro-football
11705,lightning-midway-june-4th-june-6th-1942
42929,martian-rails
46158,times-academy
84889,cave-evil
104655,lemonade-stand
4637,max
125854,mars-needs-mechanics
82,bobby-lee
12633,mall-world
149130,monster-fluxx
172073,mammuz
2484,journey-through-europe
13976,feudo
26054,black-stories-3
33876,killer-bunnies-and-journey-jupiter
55835,ligretto-dice
66459,mad-zeppelin
104575,steam-torpedo-first-contact
159141,code-nine
160669,town-center-4th-edition
163056,musee
177875,last-spike
180761,dreamwell
2947,broker
17209,cineplexity
66781,space-infantry
108157,kalimambo
108637,wilderness
127188,tweeeet
127493,bolt-action
161943,chosn
173536,2gm-tactics
8944,triple-yahtzee
135648,tales-games-baba-yaga
177490,samara
180867,kitty-paw
62,curse-mummys-tomb
10520,tyrus
14080,mighty-endeavor
33172,monastery
192297,america
1202,sorcerers-cave
2771,maginor
8128,atta-ants
11385,stratego-lord-rings
21859,figaro
73664,cabo
74102,der-pate
127282,al-rashid
304,ever-green
639,american-megafauna
1602,royal-game-ur
2611,hellgame
3553,close-action
9108,masquerade
9149,zitternix
13972,party-co
15880,hollywood-card-game
25605,walhalla
27306,venedig
154428,trekking-national-parks
160567,bang-walking-dead
204574,flow-history
145,metropolis
4318,cannes-stars-scripts-and-screens
14403,warhammer-40000-battle-macragge
19624,freyas-folly
125148,lap-dance
192240,control
765,space-walk
1251,new-world
18750,dragonriders
21854,los-mampfos
40935,zoowaboo
61269,drakon-second-edition
153912,mystery-abbey-pilgrims-chronicles
200171,legendary-big-trouble-little-china
2173,4-player-chess
24270,hoyuk
38858,strada-romana
40251,risk-balance-power
179820,tail-feathers
387,corruption
5718,cranium-cariboo
27739,hearts-and-minds-vietnam-1965-1975
39383,frontline-d-day
123129,we-didnt-playtest-legacies
129395,monopoly-millionaire-deal-card-game
148531,polterfass
154892,loonacy
157912,rise-power
186567,baseball-highlights-2045-super-deluxe-edition
200853,habitats
2265,ultimate-stratego
13337,whist
138166,huida-de-silver-city
2816,crossfire
3934,bowling-dice
16500,highland-clans
22664,phase-10-masters-edition
34583,set-cubed
202288,medici-card-game
301,campanile
417,edison-co
983,tangoes
2240,mad-magazine-card-game
3484,armada
17075,giza
42306,wings-war-ww2-deluxe-set
2607,totopoly
3613,air-superiority
67919,message
72848,kill-overlord
181617,beasty-bar-new-beasts-town
182120,histrio
124490,aztlan
128475,murder-crows
169341,birds-feather
1644,tipp-kick
3093,croak
5704,captn-clever
23241,gravediggers
29805,petits-meurtres-faits-divers
126613,warhammer-40000-sixth-edition
161681,lift-get-me-planet
166109,meteor
4,tal-der-konige
1591,ploy
128733,revolver-2-last-stand-malpaso
131246,siberia-card-game
150484,secrets-lost-tomb
151771,la-cosa-nostra
172062,fairytale-gloom
187988,pyramid-arcade
1497,dino-hunt
2350,eureka
4934,battling-tops
5255,gorkamorka
7320,elefun
18265,message-czar
35669,bastogne-screaming-eagles-under-siege
72667,mijnlieff
117995,spot-it-jr-animals
120426,redshirts
160814,cartoon-network-fluxx
177727,haleakala
183284,factory-funner
2978,stratego-4
15826,triumph-chaos
122943,scripts-and-scribes-dice-game
170199,solarius-mission
172881,quartz
295,europa-1945-2030
4211,stonewall-jacksons-way
4258,totaler-krieg
6923,battletech-citytech
24764,monopoly-mega-edition
109548,hemloch
125943,corporate-america
158408,coup-deluxe-edition
177354,frostgrave
1101,flying-carpet
2242,creatures-cultists
3710,mbt
13507,wink
76883,khan
139147,romolo-o-remo
167292,bellz
177702,warehouse-51
344,members-only
524,desperados
668,sternenhimmel
1335,gnadenlos
1558,rogue-trooper
2936,dice-run
17394,burning-blue
22266,zig-zag
37612,apples-apples-go
38387,los-banditos
43530,party-alias
128537,gentlemen-thieves
177147,survive-space-attack
1387,alaska
3845,yahtzee-jr
5941,mermaid-rain
14379,harry-potter-and-sorcerers-stone-mystery-hogwarts
30324,cah-n-gun-live
36745,simply-ingenious
56342,chez-cthulhu
63395,chocolatl
65334,flash-duel
84838,yomi-second-edition
170202,floating-market
192735,broom-service-card-game
230408,monopoly-gamer
14039,flix-mix
24028,rukshuk
42050,eurobusiness
168700,kigi
181523,snowblind-race-pole
182619,mule-board-game
185123,ascension-dreamscape
2422,bismarck
4564,blue-gray
23779,enemy-chocolatier
121993,we-will-wok-you
167298,sheep-thief
171492,vienna
201054,whats
2470,extraordinary-adventures-baron-munchausen
4282,greed
16693,uno-h2o
30804,song-blades-and-heroes
25,battlemist
4212,here-come-rebels
5312,family-feud
19727,great-space-race
23848,hameln
145976,talon
146910,wildcatters
148271,metallum
4213,mao
12545,game-life-simpsons-edition
13166,lets-go-fishin
15047,trivial-pursuit-dvd-star-wars-saga-edition
88922,clue-suspect
172737,high-frontier-3rd-edition
825,screaming-eagles
2077,hells-highway
27155,jte-gage-que
28805,lord-rings-strategy-battle-game
37376,gem-dealer
66076,industry
68227,fabula
83197,yin-yang
680,dune
2135,edge
3149,lost-valley-dinosaurs
5740,strat-o-matic-pro-football
11705,lightning-midway-june-4th-june-6th-1942
42929,martian-rails
46158,times-academy
84889,cave-evil
104655,lemonade-stand
4637,max
125854,mars-needs-mechanics
82,bobby-lee
12633,mall-world
149130,monster-fluxx
172073,mammuz
2484,journey-through-europe
13976,feudo
26054,black-stories-3
33876,killer-bunnies-and-journey-jupiter
55835,ligretto-dice
66459,mad-zeppelin
104575,steam-torpedo-first-contact
159141,code-nine
160669,town-center-4th-edition
163056,musee
177875,last-spike
180761,dreamwell
2947,broker
17209,cineplexity
66781,space-infantry
108157,kalimambo
108637,wilderness
127188,tweeeet
127493,bolt-action
161943,chosn
173536,2gm-tactics
8944,triple-yahtzee
135648,tales-games-baba-yaga
177490,samara
180867,kitty-paw
62,curse-mummys-tomb
